archived_sq	mapped_to_sq	counts_from_total
ATTTCTGAGGGCTCTGTTCTGTTCCATTGGTCTATATCTCTGTTTTGGTACCAGTACCATGCTGTTT	ATTTCTGAGGGCTCTGTTCTGTTCCATTGATCTATATCTCTGTTTTGGTACCAGTACCATGCTGTTT	452,466,435,431,401,391,380,375,330,346,338,436,452,457,471,472,492,478,448,467,458,451,420,421,425,421,423,420,404,405,933,921,908,916,957,997,1022,1005
GGTAGCTTGATGGGGATGGCATTGAATCTGTAAATTACCTTGGGCAGTATGGCCATTTTCA	GGTAGCTTGATGGGGATGGCATTGAATCTATAAATTACCTTGGGCAGTATGGCCATTTTCA	260,250,256,250,246,247,239,235,237,245,243,245,233,233,244,252,240,243,247,256,265,274,281,277,285,291,298,292,297,295,839,846
TTGGTGTATAAGAATGCTTGTGATTTTTGCACATTGATTT	TTGGTGTATAAGAATGCTTGTGATTTTTGTACATTGATTT	249,258,237,237,235,235,254,268,251,246,241
GAATGCTTGTGATTTTTGCACATTGATTTTGTATCCTGAGACTTTGCTGAAGTTGC	GAATGCTTGTGATTTTTGTACATTGATTTTGTATCCTGAGACTTTGCTGAAGTTGC	483,471,469,454,458,461,448,456,473,472,452,463,454,467,439,419,419,397,424,827,853,905,951,976,997,997,984
TTTATTAAATAGGGAATCCTTTCCCCATTTCTTGTTTTT	TTTATTAAATAGGGAATCCTTTCCCCATTGCTTGTTTTT	308,310,317,313,328,328,317,331,339,347
AGGGAATCCTTTCCCCATTTCTTGTTTTTGTCAGGTTTGTCAAAGATCAGAT	AGGGAATCCTTTCCCCATTGCTTGTTTTTGTCAGGTTTGTCAAAGATCAGAT	329,334,352,363,372,356,370,375,383,426,445,437,442,460,468,474,483,513,517,507,921,902,923
CTCATGATTTGGCTCTCTGTTTGTCTGTTGTTGGTGTATAAGAATGCTTGTGATTTTTGTACATTGATTT	CTCATGATTTGGCTCTCTGTTTGTCTGTTATTGGTGTATAAGAATGCTTGTGATTTTTGTACATTGATTT	272,283,299,297,291,296,287,276,271,274,271,253,257,255,267,267,272,261,252,252,245,257,254,250,251,259,263,257,250,248,668,678,632,623,622,613,653,664,645,638,642
AGGGAATCCTTTCCCCATTGCTTGTTTTTCTCAGGTTTGTCAAAGATCAGAT	AGGGAATCCTTTCCCCATTGCTTGTTTTTGTCAGGTTTGTCAAAGATCAGAT	709,698,700,702,715,695,719,735,754,755,763,769,771,778,786,814,832,820,841,848,899,899,890
GTTTTTCTCAGGTTTGTCAAAGATCAGATAGTTGTAGATATG	GTTTTTGTCAGGTTTGTCAAAGATCAGATAGTTGTAGATATG	804,790,804,795,794,784,788,1053,957,967,879,841,848
AGTGATGATGAGCATTTTTTCATGTGTCTGTTGGCTGCATAAATGTCTTCTTTTGAG	AGTGATGATGAGCATTTTTTCATGTGTCTTTTGGCTGCATAAATGTCTTCTTTTGAG	414,421,411,396,415,414,422,410,432,418,423,432,455,457,482,484,492,487,494,475,452,463,486,500,580,553,553,533
TGTTGGCTGCATAAATGTCTTCTTTTGAGAAGTGTCTG	TTTTGGCTGCATAAATGTCTTCTTTTGAGAAGTGTCTG	679,665,2379,2351,2283,2268,2266,2309,2289
CCTTGCCCATGCCTATGTCCTGAATGGTAAT	CCTTGCCCATGCCTATGTCCTGAATGGTATT	404,414
TTGCCCATGCCTATGTCCTGAATGGTAATGCCTAGGTTTTCTTCTAGGGTTTTTATGGTTTTAGGTCT	TTGCCCATGCCTATGTCCTGAATGGTATTGCCTAGGTTTTCTTCTAGGGTTTTTATGGTTTTAGGTCT	413,397,371,388,397,398,391,403,503,512,502,500,492,505,486,448,437,430,426,415,425,433,423,413,383,396,406,418,976,974,960,957,962,933,918,951,958,916,882
ATTCTGTAGGTTGCCTGTTCACTCTGATGATAG	ATTCTGTAGGTTGCCTGTTCACTCTGATGGTAG	231,218,204,195
TGTAGGTTGCCTGTTCACTCTGATGATAGTTTCTTTTGCTGTGCAGAAGCTCTTTAGTTTAATTAGATCCCATTTGTC	TGTAGGTTGCCTGTTCACTCTGATGGTAGTTTCTTTTGCTGTGCAGAAGCTCTTTAGTTTAATTAGATCCCATTTGTC	189,192,201,180,181,194,200,200,191,203,234,224,219,244,232,231,239,249,262,266,254,247,244,344,340,337,1463,1415,1492,1544,1505,1431,1404,1432,1418,1386,1392,1344,1338,1304,1250,1269,1255,1305,1308,1330,1290,1307,1314
CATGTGTCTTTATAGCAGCATGATTTATAGTCCTTTGGGTATATACCCAGTAATGGGAT	CATGTGTCTTTATAGCAGCATGATTTATAATCCTTTGGGTATATACCCAGTAATGGGAT	695,703,721,587,593,591,573,566,556,552,545,548,529,539,536,561,564,567,552,587,602,606,596,576,572,591,583,577,585,580
CATGTCCCTACAAAGGACATGAACTCATCCTTTTTTATG	CATGTCCCTACAAAGGACATGAACTCATCATTTTTTATG	519,513,523,554,548,540,508,527,511,528
CAAAGGACATGAACTCATCCTTTTTTATGGCTGCATAGTATTCCATGG	CAAAGGACATGAACTCATCATTTTTTATGGCTGCATAGTATTCCATGG	837,854,853,855,819,812,829,793,798,833,862,894,881,927,939,932,901,912,869
CTTTTTTATGGCTGCATAGTATTCCATGGTG	ATTTTTTATGGCTGCATAGTATTCCATGGTG	1110,2850
TTCCATTTGTTTGTATCCTCTTTTATTTCATTGAGCAGTGGTTTGTAGTTC	TTCCATTTGTTTGTATCCTCTTTTATTTCCTTGAGCAGTGGTTTGTAGTTC	399,367,352,355,351,332,324,326,337,375,362,368,387,409,405,529,531,510,514,507,549,541
TTATTTCATTGAGCAGTGGTTTGTAGTTCTCCTTGAA	TTATTTCCTTGAGCAGTGGTTTGTAGTTCTCCTTGAA	552,535,538,525,510,486,497,488
CCACATTTTCTTAATCCAGTCTATCATTGATGGACATTTGGGTTGGTTCCAAGTCTTTGCTAT	CCACATTTTCTTAATCCAGTCTATCATTGTTGGACATTTGGGTTGGTTCCAAGTCTTTGCTAT	437,405,416,405,408,388,400,383,369,375,370,363,331,396,398,372,385,394,395,401,395,403,382,392,393,399,392,420,400,397,1824,1797,1758,1755
GTTCTTGCGATAGTTTACTGAGAATGATGGTTTCCAA	GTTCTTGCGATAGTTTACTGAGAATGATGATTTCCAA	305,294,288,305,301,298,299,268
GATAGTTTACTGAGAATGATGGTTTCCAATTTCATCCATGTCCCTACAAAGGACATGA	GATAGTTTACTGAGAATGATGATTTCCAATTTCATCCATGTCCCTACAAAGGACATGA	273,305,305,307,322,314,310,308,307,305,299,300,296,296,295,295,298,296,291,286,298,301,1395,1391,1293,1291,1277,1263,1268
GTTTTTTTCTTGTAAATTTGTTTGAGTTCTTTGTAGATTCTGGATATTAGCCC	GTTTTTTTCTTGTAAATTTGTTTGAGTTCATTGTAGATTCTGGATATTAGCCC	206,251,274,268,271,269,270,261,261,259,251,244,239,234,229,249,262,252,246,249,269,236,240,242
AGTTCTTTGTAGATTCTGGATATTAGCCCTTTGTCAGATG	AGTTCATTGTAGATTCTGGATATTAGCCCTTTGTCAGATG	480,475,492,482,480,495,1730,1694,1703,1728,1716
GATTTGCATTTCTCTGATGGCCAGTGATGGTGAGCATTTTTTCATGTGT	GATTTGCATTTCTCTGATGGCCAGTGATGATGAGCATTTTTTCATGTGT	713,717,709,706,685,683,684,687,685,694,677,679,683,659,623,604,587,586,586,597
CCAGTGATGGTGAGCATTTTTTCATGTGTTTTTTGGCTGCATAAATGTC	CCAGTGATGATGAGCATTTTTTCATGTGTTTTTTGGCTGCATAAATGTC	514,523,538,547,544,522,511,506,512,526,1184,1188,1189,1162,1147,1178,1187,1179,1162,1154
GCCTTGTAGTATAGTTTGAAGTCAGGTAGC	GCCTTGTAGTATAGTTTGAAGTCAGGTAGT	598
CCTTGTAGTATAGTTTGAAGTCAGGTAGCGTGATGCCTCCAGCTTTGTTCTTTTGGCTT	CCTTGTAGTATAGTTTGAAGTCAGGTAGTGTGATGCCTCCAGCTTTGTTCTTTTGGCTT	299,322,327,335,331,319,325,325,332,340,339,345,336,330,334,337,340,308,302,307,296,284,284,280,270,205,200,198,216,481
GTTAGTTACATATGTATACATGTGCCATGCTGG	GTTAGTTACATATGTATACATGTGCCATGTTGG	819,818,806,772
GTTACATATGTATACATGTGCCATGCTGGTG	GTTACATATGTATACATGTGCCATGTTGGTG	792,772
TACATATGTATACATGTGCCATGCTGGTGTGCTGCACCCATTAACTC	TACATATGTATACATGTGCCATGTTGGTGTGCTGCACCCATTAACTC	370,362,375,384,397,387,405,430,432,431,426,363,359,355,357,351,360,330
CCATGCTGGTGTGCTGCACCCATTAACTCGTCATTTA	CCATGTTGGTGTGCTGCACCCATTAACTCGTCATTTA	232,240,236,233,231,228,865,865
TACTTTAAGTTTTAGGGTACATGTGCACAT	TACTTTAAGTTTTAGGGTACATGTGCACAA	276
ACTTTAAGTTTTAGGGTACATGTGCACATTGTGCAGGTTAGTTACATATGTATACATGT	ACTTTAAGTTTTAGGGTACATGTGCACAATGTGCAGGTTAGTTACATATGTATACATGT	273,272,286,292,351,359,360,360,372,381,371,384,394,399,405,408,412,414,424,385,373,366,365,365,368,368,368,374,360,841
AACATGCGGTGTTTGGTTTTTTGTCCTTGTGATAGT	AACATGCGGTGTTTGGTTTTTTGTCCTTGCGATAGT	176,177,180,187,184,179,191
GGTGTTTGGTTTTTTGTCCTTGTGATAGTTTGCTGAGAATGATGGTTTCCAG	GGTGTTTGGTTTTTTGTCCTTGCGATAGTTTGCTGAGAATGATGGTTTCCAG	303,344,272,265,267,254,238,226,232,275,281,282,273,261,386,363,366,354,423,410,396,412,433
ACCTGTTGTTTCCTGACTTTTTAATGATCAC	ACCTGTTGTTTCCTGACTTTTTAATGATCGC	288,284
CTGTTGTTTCCTGACTTTTTAATGATCACCATTCTAACTGGTGTGAGATGGTATCT	CTGTTGTTTCCTGACTTTTTAATGATCGCCATTCTAACTGGTGTGAGATGGTATCT	445,438,434,439,432,439,439,444,425,424,431,425,333,328,337,336,342,339,331,331,338,330,320,321,344,342,340
ACCATTCTAACTGGTGTGAGATGGTATCTCA	GCCATTCTAACTGGTGTGAGATGGTATCTCA	349,2561
TGATGGTTTCCAGCTTCATCCATGTCCCTGCAAAGGACATGAA	TGATGGTTTCCAGCTTCATCCATGTCCCTACAAAGGACATGAA	591,550,568,582,592,583,547,638,590,595,600,608,605,529
TTCATCCATGTCCCTGCAAAGGACATGAACTCATCCTTTTTTATGGCTGCATAGTATTCCATGG	TTCATCCATGTCCCTACAAAGGACATGAACTCATCATTTTTTATGGCTGCATAGTATTCCATGG	546,573,557,566,560,428,381,371,389,381,390,395,334,331,338,334,2542,2594,2577,2550,2496,2468,2462,2417,2499,2572,2626,2677,2682,2770,2783,2744,2708,2756,2672
